N,processos,repeticoes,tempo_medio_ms,desvio_padrao_ms,processos_base,speedup,eficiencia
2000,1,3,740.6023110000001,659.9786779376635,1,1.0,1.0
2000,2,3,819.134925,2.872856789194456,1,0.9041273768176837,0.45206368840884187
2000,4,3,1972.0041709999998,87.80581304510117,1,0.37555818688985937,0.09388954672246484
2000,8,3,4111.979466333333,102.74675639970161,1,0.1801084652935774,0.022513558161697176
4000,1,3,3691.354531333333,4095.7245630334114,1,1.0,1.0
4000,2,3,1832.8172953333333,333.69344844978633,1,2.0140330084903466,1.0070165042451733
4000,4,3,3004.285737333333,36.20380220998995,1,1.2286962206896659,0.30717405517241647
4000,8,3,6393.50388,490.5183029488111,1,0.5773601769259163,0.07217002211573954
6000,1,3,6996.084543,7751.169555090214,1,1.0,1.0
6000,2,3,2659.645668333333,66.50250805675586,1,2.630457367422216,1.315228683711108
6000,4,3,4584.164528666667,312.0110955408884,1,1.5261416773439531,0.3815354193359883
6000,8,3,8230.645727000001,732.9741424306638,1,0.8500043344169076,0.10625054180211345
